{
  "n_runs": 5000,
  "avg_return": 0.0548110579339047,
  "median_return": 0.023447907484419515,
  "p5_return": -0.20060335972658494,
  "p95_return": 0.21652408867086947,
  "pct_profitable": 0.588,
  "avg_win_rate": 0.9770679296602427,
  "worst_win_rate": 0.875,
  "avg_trades": 28.4658,
  "avg_max_dd": 0.1081521884535927,
  "worst_max_dd": 0.3694891782340542,
  "worst_return": -0.3032878335659133,
  "best_return": 0.28151846109881434
}